{
  "intents": [
    {
      "intent": "AskCategoryIntent",
      "slots": [
        {
          "name": "category",
          "type": "CATEGORY"
        },
        {
          "name": "purpose_synonym",
          "type": "PURPOSE_SYNONYM"
        }
      ]
    },
    {
      "intent": "AskColorIntent",
      "slots": [
        {
          "name": "color",
          "type": "AMAZON.Color"
        }
      ]
    },
    {
      "intent": "AskFirstLetterIntent"
    },
    {
      "intent": "AskLastLetterIntent"
    },
    {
      "intent": "AskNumLettersIntent",
      "slots": [
        {
          "name": "length",
          "type": "AMAZON.NUMBER"
        }
      ]
    },
    {
      "intent": "AskRoomIntent",
      "slots": [
        {
          "name": "room",
          "type": "AMAZON.Room"
        }
      ]
    },
    {
      "intent": "AskShapeIntent",
      "slots": [
        {
          "name": "shape_adjective",
          "type": "SHAPE_ADJECTIVE"
        },
        {
          "name": "shape_noun",
          "type": "SHAPE_NOUN"
        }
      ]
    },
    {
      "intent": "AskSizeIntent",
      "slots": [
        {
          "name": "size",
          "type": "SIZE"
        }
      ]
    },
    {
      "intent": "AskTextureIntent",
      "slots": [
        {
          "name": "texture",
          "type": "TEXTURE"
        }
      ]
    },
    {                                                                           
      "intent": "AskValueIntent",                                               
      "slots": [ 
        {
          "name": "price",
          "type": "AMAZON.NUMBER"
        },        
        {                                                                       
          "name": "value_adjective",                                            
          "type": "VALUE_ADJECTIVE"                                             
        },                                                                      
        {                                                                       
          "name": "value_noun",                                                 
          "type": "VALUE_NOUN"                                                  
        }                                                                       
      ]                                                                         
    },
    {
      "intent": "AskWeightIntent",
      "slots": [
        {
          "name": "weight",
          "type": "WEIGHT"
        }
      ]
    },
    {
      "intent": "GuessObjectIntent",
      "slots": [
        {
          "name": "object",
          "type": "OBJECT"
        }
      ]
    }
  ]
}
